{
  "accuracy": 0.8868421052631579,
  "precision": 0.8101851851851852,
  "recall": 0.8816120906801007,
  "f1": 0.8443908323281062,
  "classes": {
    "0": "nonhatespeech",
    "1": "hatespeech"
  }
}